benchmark_name,suite,instance,problem_type,rows,columns,nonzeros,sparsity_pct,backend_requested,backend_selected,actual_backend,gpu_available,solver_status,objective,reference_objective,relative_gap,verification_status,runtime_seconds,mean_seconds,median_seconds,std_dev_seconds,deterministic,iterations,bb_nodes,git_commit,timestamp_utc
netlib-afiro,netlib,afiro,LP,27,32,83,90.39,auto,cpu,CPU,False,OPTIMAL,-464.75314285714285,-464.75314286,6.147731649617561e-12,VERIFIED,0.0055254500002774876,0.005525,0.005525,0.002918,True,29,0,bd4d846-dirty,2026-09-30T07:10:27+00:00
netlib-sc50a,netlib,sc50a,LP,50,48,130,94.58,auto,cpu,CPU,False,OPTIMAL,-64.57507705856452,-64.575077059,6.743738478155739e-12,REJECTED,0.01207929999964108,0.012079,0.012079,0.002304,True,60,0,bd4d846-dirty,2026-09-30T07:10:27+00:00
netlib-share2b,netlib,share2b,LP,96,79,694,90.85,auto,cpu,CPU,False,OPTIMAL,-415.7322407414152,-415.73224074,3.4040510147581494e-12,REJECTED,0.04659529999980805,0.046595,0.046595,0.001837,True,269,0,bd4d846-dirty,2026-09-30T07:10:27+00:00
netlib-blend,netlib,blend,LP,74,83,491,92.01,auto,cpu,CPU,False,OPTIMAL,-30.81214984583075,-30.812149846,5.493004561641384e-12,REJECTED,0.026104999999461143,0.026105,0.026105,0.001305,True,185,0,bd4d846-dirty,2026-09-30T07:10:27+00:00
netlib-adlittle,netlib,adlittle,LP,56,97,383,92.95,auto,cpu,CPU,False,OPTIMAL,225494.96316238056,225494.96316,1.055698885176169e-11,REJECTED,0.014722199999596342,0.014722,0.014722,0.00017,True,148,0,bd4d846-dirty,2026-09-30T07:10:27+00:00
netlib-crude_blend,netlib,crude_blend,LP,3,3,9,0.0,auto,cpu,CPU,False,OPTIMAL,214.1459459459,214.145946,2.5263150841080255e-10,VERIFIED,0.00029485000004569883,0.000295,0.000295,4.4e-05,True,9,0,bd4d846-dirty,2026-09-30T07:10:27+00:00
milp-blend_milp,milp,blend_milp,MILP,3,4,10,16.67,auto,cpu,CPU,False,OPTIMAL,223.8576051779935,223.857605,7.951192225077383e-10,VERIFIED,0.0005936999996265513,0.000594,0.000594,0.000289,True,11,1,bd4d846-dirty,2026-09-30T07:10:27+00:00
milp-lot_sizing,milp,lot_sizing,MILP,8,11,18,79.55,auto,cpu,CPU,False,OPTIMAL,770.0,770.0,0.0,VERIFIED,0.007458549999682873,0.007459,0.007459,0.000838,True,301,17,bd4d846-dirty,2026-09-30T07:10:27+00:00
qp-qp_blend,qp,qp_blend,QP,1,2,2,0.0,auto,cpu,CPU,False,OPTIMAL,66.66666666666667,66.666667,4.9999999623762135e-09,VERIFIED,3.1150000268098665e-05,3.1e-05,3.1e-05,1.5e-05,True,12,0,bd4d846-dirty,2026-09-30T07:10:28+00:00
qp-miqp_blend,qp,miqp_blend,MIQP,1,2,2,0.0,auto,cpu,CPU,False,OPTIMAL,66.67,66.67,0.0,VERIFIED,3.835000006802147e-05,3.8e-05,3.8e-05,1.8e-05,True,15,2,bd4d846-dirty,2026-09-30T07:10:28+00:00
qp-crude_blend_qp,qp,crude_blend_qp,QP,3,3,9,0.0,auto,cpu,CPU,False,OPTIMAL,179.9177611891,132.883,0.353956195970139,VERIFIED,0.00012704999971901998,0.000127,0.000127,4.8e-05,True,25,0,bd4d846-dirty,2026-09-30T07:10:28+00:00
refinery-baseline,refinery,baseline,INDUSTRIAL_REFINERY,32,39,111,91.1,auto,CPU,CPU,False,OPTIMAL,-2177.31,-2177.31,0.0,VERIFIED,0.004399999999999999,0.0044,0.0044,0.0005,True,56,0,bd4d846-dirty,2026-09-30T07:10:28+00:00
refinery-high_demand,refinery,high_demand,INDUSTRIAL_REFINERY,32,39,111,91.1,auto,CPU,CPU,False,OPTIMAL,-2177.31,-2177.31,0.0,VERIFIED,0.00365,0.00365,0.00365,5e-05,True,55,0,bd4d846-dirty,2026-09-30T07:10:28+00:00
refinery-limited_crude,refinery,limited_crude,INDUSTRIAL_REFINERY,32,39,111,91.1,auto,CPU,CPU,False,OPTIMAL,-2027.49,-2027.49,0.0,VERIFIED,0.00385,0.00385,0.00385,0.00065,True,53,0,bd4d846-dirty,2026-09-30T07:10:28+00:00
refinery-unit_constraint,refinery,unit_constraint,INDUSTRIAL_REFINERY,32,39,111,91.1,auto,CPU,CPU,False,OPTIMAL,-1714.18,-1714.18,0.0,VERIFIED,0.00455,0.00455,0.00455,5e-05,True,58,0,bd4d846-dirty,2026-09-30T07:10:28+00:00
refinery-quality_constraint,refinery,quality_constraint,INDUSTRIAL_REFINERY,32,39,110,91.2,auto,CPU,CPU,False,OPTIMAL,-1067.37,-1067.37,0.0,VERIFIED,0.00725,0.00725,0.00725,0.00065,True,58,0,bd4d846-dirty,2026-09-30T07:10:28+00:00
refinery-infeasible_demand,refinery,infeasible_demand,INDUSTRIAL_REFINERY,32,39,111,91.1,auto,CPU,CPU,False,INFEASIBLE,,,0.0,VERIFIED,0.00345,0.00345,0.00345,0.00015,True,51,0,bd4d846-dirty,2026-09-30T07:10:28+00:00
